Donor_ID,Cytokine_Dose,Marker_Gene_Response,Housekeeping_Gene
Donor_A,10,3.798268693467978,10.084514557880514
Donor_B,10,4.503023040813128,10.220840154114036
Donor_A,50,11.05441544903673,11.207962207831061
Donor_C,0,3.75217296573061,9.579412013355514
Donor_B,10,6.917261774075831,10.309880897254962
Donor_A,10,4.036794450175915,10.105058563664459
Donor_C,0,0.4317639209192219,9.392927559931872
Donor_B,50,9.940034438865975,10.234432773311376
Donor_C,50,8.508092777164485,10.087346690751605
Donor_A,50,12.132952190594901,9.6005384018653
Donor_B,50,13.482487546668567,9.826800841049838
Donor_B,10,4.612347537936053,10.046121654414504
Donor_C,50,8.645155443134588,11.105038540472847
Donor_A,50,11.158834491365411,8.920952877047865
Donor_B,0,4.312017303229966,9.901396395055253
Donor_A,10,3.3369708609744713,8.958741909258055
Donor_B,100,20.382678970243155,9.487836307175332
Donor_C,50,8.103840005277746,10.712857923910656
Donor_A,100,18.577905566768717,10.009132934281999
Donor_A,0,0.6970751069955283,9.823680532862397
Donor_A,10,2.544257799151322,9.789293159682448
Donor_C,50,10.66921152362335,9.319479637235641
Donor_B,50,13.126037615202643,10.035580844409148
Donor_C,0,2.116186650995024,9.588279613752123
Donor_B,50,12.6746221307598,9.35682831421576
Donor_C,50,10.992527823816854,10.49216906204274
Donor_B,0,2.9596443634006517,9.813311135578443
Donor_B,10,4.8870111403393075,10.43415168072485
Donor_A,10,3.8425010097507206,10.575676735092822
Donor_B,100,18.64497206289647,9.900724873135365
Donor_B,100,20.443414639322086,9.803246202603894
Donor_A,10,3.5764379992961794,10.677757639183028
Donor_B,100,18.4721403866634,10.589455194894974
Donor_B,10,6.615593231018126,10.17783024614605
Donor_A,0,3.2600210543291785,10.375881318740742
Donor_B,10,5.536807349436654,9.842436632729312
Donor_A,0,4.096516913826044,9.915922164856527
Donor_C,0,0.5712012504862711,9.426658184045488
Donor_C,50,10.20078821255619,10.516159208451235
Donor_C,10,3.385239179575354,10.173740159260138
Donor_C,0,1.9748673547628706,9.815377072735268
Donor_B,0,6.338096506193177,10.709286272126821
Donor_B,0,4.602898721299778,11.533047422815663
Donor_A,10,3.2433875373668775,9.860809809458965
Donor_C,50,8.34406357534495,9.553226077890299
Donor_C,0,1.6861047763615449,9.844474328858011
Donor_C,50,10.30009209779046,9.409219677800403
Donor_C,0,5.802718588538884,10.654815361594576
Donor_B,0,4.132682407785637,9.742922529536333
Donor_C,0,1.4602867207566987,10.330662729409358
Donor_C,100,15.372736589261908,9.792283098035348
Donor_B,100,21.701949662717883,10.434177923770715
Donor_B,0,3.7203745888225876,10.74728919577024
Donor_A,10,1.3446039841309791,9.840772057234588
Donor_A,50,12.516541698198145,11.57957570480159
Donor_C,50,8.823191688694678,9.865005119986654
Donor_B,10,10.610251595765527,11.310222304264274
Donor_B,50,13.343653850344563,11.145442631705775
Donor_A,0,3.592163015114273,10.122467326982887
Donor_B,100,17.73351201150886,9.937019683596242
Donor_A,10,2.4984695624886832,9.48710327731329
Donor_C,0,2.051600430147416,9.844300808113646
Donor_B,0,2.330770702386403,11.09249914124236
Donor_A,10,5.641872080454396,10.160216050941518
Donor_B,100,19.338297726268674,10.503983864286425
Donor_B,100,19.386351640068334,10.340561371010788
Donor_C,0,4.428280237689624,10.437702184194967
Donor_A,10,4.558416311778495,9.699905513039202
Donor_B,100,19.604719730984154,10.583437748581705
Donor_A,50,11.729333083350886,9.775668924155092
Donor_A,10,5.720170137619722,9.595460204962999
Donor_A,0,4.727052778018773,10.378649794399628
Donor_B,100,19.059513960963212,10.53211601033947
Donor_C,50,10.560690867037687,9.224504430687354
Donor_B,50,14.061329821576242,9.475028543675409
Donor_C,0,1.1619288248822477,10.043214465339531
Donor_C,0,4.305802790068033,9.891546335001754
Donor_C,0,1.1480932962842239,9.655451483707418
Donor_A,10,0.5095352128942485,9.950156564075487
Donor_B,10,10.622452780474855,9.790560238268663
Donor_A,100,12.429351510065583,9.871739187772802
Donor_C,10,2.787910898115873,8.946820517544127
Donor_A,100,17.684989106006523,10.446232237802322
Donor_B,10,6.84096778341721,10.01921868569625
Donor_C,10,3.950182976315807,10.46787057255198
Donor_B,10,6.9669122689358085,9.603191254393229
Donor_A,0,0.005191505569868138,9.997908347458326
Donor_B,100,19.399687043310383,9.528482403659105
Donor_B,50,11.945863275857217,9.577211862448014
Donor_A,100,17.55396299945083,10.281966822081458
Donor_A,0,4.029881676061398,9.855103224984063
Donor_B,0,6.305416826402026,10.305700380731988
Donor_A,0,3.6007132805540385,10.768898276505288
Donor_A,0,0.0,10.837445767448866
Donor_B,10,5.544334811174209,9.847334224291362
Donor_C,10,1.4504670747838682,9.52316132075081
Donor_A,0,2.4038428425757328,10.212576194590541
Donor_C,50,7.392736054108251,9.710985938771547
Donor_B,10,7.8006191186991485,9.773444720428289
Donor_C,50,7.527070165444801,10.78698311820264
Donor_C,10,4.306597749698454,9.933509919183333
Donor_A,0,1.5492655015938421,9.94240736452668
Donor_A,0,0.0,10.244031512890611
Donor_A,50,7.777604835093423,8.846236241684297
Donor_C,100,17.750810253270398,9.94173518851215
Donor_C,0,4.6481429313570874,9.749421468589833
Donor_B,0,3.8679189724637553,9.74148015326444
Donor_B,100,21.62970483527462,9.169281211960193
Donor_C,50,9.129031036402084,9.63972822815127
Donor_B,10,6.1674988135513225,10.33277434322065
Donor_B,100,19.124817434947467,9.694423622074975
Donor_B,10,5.598663993038649,10.110248784869247
Donor_B,50,13.566077064959469,10.199518184312364
Donor_C,100,17.24105986904961,9.59077784969567
Donor_C,100,15.964948832297708,10.568412610569359
Donor_C,100,18.44199844296876,9.455327408053133
Donor_A,100,16.601792680614086,10.169981082006458
Donor_A,50,9.667238738552772,9.242017613037142
Donor_A,50,11.246205103110144,9.9860008892664
Donor_C,0,2.5352388548807028,9.583770761593803
Donor_A,0,0.8997980355865929,9.622091365128075
Donor_A,10,3.359926291996673,11.169741276377895
Donor_C,0,1.0294750395874412,9.817616266997115
Donor_C,50,10.669971914356106,9.740515562725049
Donor_C,10,1.4751844155810572,9.799658877742587
Donor_C,50,8.821391048682981,9.943732379008791
Donor_B,10,4.859296914008699,10.125546968559448
Donor_B,50,10.909147848255444,9.606082018985665
Donor_A,0,1.0646172678377022,10.618095985894751
Donor_B,50,12.539627067926038,9.92394376186264
Donor_C,100,17.43270008951112,9.032419051454967
Donor_B,0,4.964061924249621,9.645481512292873
Donor_C,10,3.6499816588096032,10.151893363555038
Donor_B,0,2.7178416299580777,9.633638335132606
Donor_A,0,2.729122244228386,9.163505478491455
Donor_A,10,4.4232125248497915,9.765498980657455
Donor_A,10,1.7845679327618238,10.265133167952358
Donor_B,100,18.5535335243292,10.36790472954866
Donor_C,0,3.507368094442114,9.49019552524972
Donor_A,0,1.0538115028761608,9.667797616235944
Donor_C,0,3.1325428017401915,9.547094530462196
Donor_A,50,10.687997782268328,10.929240414142896
Donor_B,50,11.621783269225116,10.617877285457187
Donor_A,50,9.49807228452682,9.862641336980325
Donor_A,100,16.068329563073373,10.116817576919003
Donor_A,50,10.00261162302972,10.198552008808397
Donor_A,50,11.440393476011792,9.26340668327815
Donor_C,10,6.013510762410814,9.662610566970885
Donor_A,50,7.979573126247484,10.275616333910454
Donor_B,0,2.1665413878534148,10.727776163254553
Donor_C,10,1.4998109117315606,10.024069141513177
Donor_C,50,8.337734848283965,9.134181187520955
Donor_A,10,4.999026484696443,10.147553167478138
Donor_A,0,1.8717026033546058,9.855770275248613
Donor_A,50,9.140490928188491,10.383149257418935
Donor_B,50,9.775108378231444,9.60087503579465
Donor_B,50,15.130716065648953,9.53702316125941
Donor_B,100,19.551130939673843,10.710155875594024
Donor_C,0,6.943676650965825,9.980364748525389
Donor_A,100,17.154676957612306,10.777273629040998
Donor_C,10,1.9814129487999033,9.269678237531702
Donor_A,10,5.451452736641054,10.815777312451777
Donor_B,0,5.669337273316241,10.4452828983973
Donor_B,100,17.748539313770806,9.923278547710241
Donor_B,50,13.88284403725762,10.463714363199747
Donor_C,100,16.39459579352041,10.09211027563443
Donor_B,10,8.850221496777898,10.295129933965303
Donor_B,50,10.1900943434586,10.38942898688736
Donor_A,10,4.3665993261893234,10.431666574328773
Donor_C,50,8.655329424761796,9.496334379356973
Donor_C,10,4.624545136904057,10.015633619509291
Donor_B,50,14.73069244463531,10.814955309439231
Donor_B,0,5.099723667173497,10.276270791447129
Donor_B,0,4.440894765630696,10.406600819149482
Donor_B,0,3.6181565139742218,11.000364837979602
Donor_A,0,1.0904775938431013,9.558774221515407
Donor_A,0,1.7204503773672324,8.438150042031555
Donor_C,100,18.470932676885777,10.011126229576053
Donor_C,0,3.1142684719440377,9.76102999358503
Donor_A,0,2.812665432779378,10.524911874104479
Donor_A,100,16.811657532795195,10.16210778853921
Donor_B,10,6.130209018699158,10.5155033045188
Donor_A,10,0.0,10.166707949564149
Donor_C,50,8.378974259209569,9.888940393462201
Donor_A,10,5.82439657728563,9.596308799960287
Donor_B,50,13.994550009194644,9.59797279483174
Donor_B,100,20.23099893081306,9.151292907504436
Donor_B,0,7.928185290675648,9.447701687164974
Donor_A,0,0.44821533767851074,10.031041739192272
Donor_B,100,16.533432879824293,8.592757508685645
Donor_C,0,1.7741940720971356,9.944162099458644
Donor_C,100,20.954363041112448,9.802306008476718
Donor_B,0,4.848471059822412,9.9305992765215
Donor_C,100,16.814736453944683,11.091077756041436
Donor_B,0,5.609518882205671,9.977656363875008
Donor_C,10,2.1976967093228614,10.437003185966825
Donor_C,10,3.655093870098096,9.379586681719317
Donor_C,100,16.469190336969522,9.15223451583656
Donor_C,0,3.7454470012663403,10.168735347126185
Donor_C,100,17.42594836887637,9.160080108313206
Donor_A,50,9.395025658346077,10.565472647347606
Donor_B,0,3.960093361274491,9.977550043431402
Donor_B,50,11.915753880838412,9.90110409849216
Donor_A,10,4.5119216396057045,10.204409357928462
Donor_C,10,4.396023048180946,9.749681951626878
Donor_A,100,18.618819624266024,10.530745598748151
Donor_B,0,3.1669903210698003,10.457110326273536
Donor_B,0,4.719429411543671,8.855746148545194
Donor_A,10,5.280156526219792,9.611760801878567
Donor_A,10,3.638624667290226,10.238828015107083
Donor_C,0,2.9439012157349866,9.961866675366588
Donor_B,100,21.467824353377573,10.024297966796837
Donor_B,50,11.848018187613427,9.599392905983523
Donor_A,10,1.5375315715087225,10.07807860848104
Donor_B,100,20.943554421075405,9.752470164641306
Donor_A,0,3.0077574432640306,9.672677238911433
Donor_A,50,9.351737997606351,9.355397641689148
Donor_C,50,9.596487010170302,10.309510819230212
Donor_A,0,1.5471435398645235,10.592358728710302
Donor_C,50,10.829564309255034,9.05896300258868
Donor_A,0,1.9086806533304923,10.423164844089246
Donor_A,50,12.202801525085077,9.827312659717341
Donor_B,50,13.288737322682719,9.787282449424163
Donor_C,50,9.010724551590787,9.872423361473057
Donor_C,50,11.714311771453698,10.800920226149488
Donor_B,10,7.208247465013551,9.617370967228737
Donor_A,0,3.1071972016413296,10.02729081497801
Donor_C,10,4.180245271245988,9.584984643509477
Donor_C,10,2.742757899073057,9.653294076885045
Donor_C,50,8.15741354394273,10.844625519941339
Donor_A,0,3.3248040065420716,10.341507952948387
Donor_B,100,19.60058684294025,10.329072953247417
Donor_B,100,20.52769479362898,10.204494237111017
Donor_C,0,4.448900342610052,9.806261532477798
Donor_C,10,4.41679966880845,9.702666469053643
Donor_B,10,7.912274519921045,9.751046939356296
Donor_C,50,9.519148788692796,10.117279170811383
Donor_C,100,16.87128604694757,9.981399120691513
Donor_B,10,4.5669684826490355,10.784297029053999
Donor_A,10,4.732192391789409,10.130950394611888
Donor_C,100,18.281804774038594,9.773471510701343
Donor_C,10,3.057750294211709,9.700253017944034
Donor_C,50,10.124821590338748,10.038517816169447
Donor_A,100,19.18410507263303,8.976500907880489
Donor_C,50,9.625643872040412,9.86472099370007
Donor_B,50,14.677894383696128,10.271281649546323
Donor_A,100,16.307958864231807,9.826817923359801
Donor_C,0,0.5164686637681732,9.456751699497651
Donor_B,50,10.794221263228136,10.215614933928048
Donor_C,0,0.9223365111919377,10.151962085856765
Donor_A,100,20.47684845040983,10.184758832621538
Donor_A,0,2.96080311244418,9.673325370780887
Donor_B,0,4.2060861369642115,10.494501373853824
Donor_B,50,14.41589005692251,10.11433779209626
Donor_B,100,19.065119291386537,9.706430467915673
Donor_C,10,5.245304299943925,10.350587070096134
Donor_A,0,2.0469373266054784,10.695500841651022
Donor_A,100,18.18455055153815,9.468925554991696
Donor_B,50,10.405012003307766,10.159540028066466
Donor_B,50,11.436612531484196,10.905250790907743
Donor_A,100,13.635060452115793,9.697052225709397
Donor_C,100,17.893946720668968,9.936740297706375
Donor_C,10,5.595240750774004,9.816525214125896
Donor_C,10,2.624744120839857,9.748311671697097
Donor_A,10,3.859842517200435,9.72698090037241
Donor_A,0,2.094708342187747,9.522303779721343
Donor_A,0,2.743733891328628,9.417417151053547
Donor_A,100,15.5838984523945,10.414285781256307
Donor_B,50,12.972682951497804,9.730677261866322
Donor_A,50,8.953295055007342,10.759706284045045
Donor_B,0,5.641854811384348,9.646334902195283
Donor_C,10,3.7793232984561547,9.546175556508043
Donor_A,100,20.03364909647817,10.127186930242035
Donor_B,10,3.0977981721509567,10.090808639721775
Donor_B,0,5.280905567394308,10.364308334874499
Donor_A,100,19.221252296122223,9.643554761470487
Donor_C,50,7.503000686274894,9.456581343706596
Donor_C,50,6.297409269536696,9.611802215580955
Donor_A,100,17.62650917375087,9.63882645240244
Donor_A,50,12.972069416435238,8.764308979432357
Donor_A,100,18.57828010541602,10.088258668575332
Donor_C,100,19.13428701800196,9.658810459119879
Donor_A,50,9.34395536940914,9.725888478267306
Donor_B,10,6.289388816260226,9.76845619359692
Donor_A,10,4.4464165252579235,9.13831962707245
Donor_B,10,5.323356855003607,9.29485182781
Donor_B,100,17.349841772528023,9.83668120748932
Donor_B,0,5.881129439327457,9.404241864503167
Donor_A,50,9.191578837969933,10.235016729131916
Donor_C,10,4.05799981493096,10.121528066218927
Donor_B,50,13.376958296851846,9.997161023935211
Donor_A,50,10.900341137267594,10.221514763110358
Donor_C,50,10.21530237988678,9.972983986155779
Donor_A,50,8.675398786783264,10.629532751971999
Donor_A,10,6.862148666331027,9.877657290267209
Donor_B,10,5.223328715618266,9.196122608240428
Donor_A,50,9.582543595705632,10.158204732361602
Donor_C,100,17.06550661039988,8.511476312555788
Donor_C,10,4.885380987063462,10.652735926453584
Donor_B,50,10.32965441825952,9.703954342059067
Donor_C,100,15.82234455318182,10.168534603612486
Donor_A,50,12.072476576860716,10.453516657226807
Donor_B,50,12.95923873190965,10.642118218556707
Donor_C,100,18.7355212865543,9.838991070804024
Donor_C,50,9.968971011055757,9.535323385508125
Donor_C,50,11.14363807725805,10.019017891244204
Donor_A,0,1.9288398384071253,10.283001987242578
Donor_B,10,6.628715669911201,10.512343969055173
Donor_C,10,5.469971733245698,10.585648295252895
Donor_C,0,0.7632046110683541,10.023752816744203
Donor_C,100,17.336540138609067,10.264936057125603
Donor_B,0,4.390459375514881,9.784961763199213
Donor_B,100,17.611193060322403,9.451264588126058
Donor_C,0,3.6363825723201972,10.275236990124341
Donor_C,50,11.96950862903438,10.51249189244855
Donor_A,100,18.153154885080777,11.263605782831805
Donor_C,0,1.6128134705019206,9.833039590185196
Donor_A,100,17.77278222009645,10.125560669188369
Donor_A,0,4.640768731655189,9.415473888623064
Donor_A,50,10.93656176426839,10.444415570893558
Donor_A,100,16.119833613571426,10.938893006330446
Donor_B,10,5.148645212532752,9.581834572750338
Donor_C,0,2.0801495962473204,10.826719686034119
Donor_B,50,10.888677569813813,10.453356884531713
Donor_B,10,4.656198146486497,10.260873202257548
Donor_B,10,3.543700811173031,10.671726269014759
Donor_B,50,13.248879501016265,9.656114547276719
Donor_A,50,6.447840005456074,10.43545580692204
Donor_C,50,13.041377559114693,10.622380200114211
Donor_C,10,5.268740514932806,10.69885818931219
Donor_A,100,19.273984921368925,9.872831630174895
Donor_B,10,6.446441571092801,9.308820280882241
Donor_A,100,16.436017017301793,10.460324126374966
Donor_A,100,19.62078340885154,9.993292151880281
Donor_A,50,8.776964259386363,9.293996298212717
Donor_A,0,1.0637803038810878,9.736600275086717
Donor_B,100,19.206148653617465,9.915358832473073
Donor_A,0,1.545969366951141,9.98479657943782
Donor_C,100,18.530597758077825,10.647727269240058
Donor_B,100,15.426525265933469,9.912417269569707
Donor_A,10,1.405487003809863,10.139983661288547
Donor_A,0,1.1524405128479769,9.767788555962564
Donor_A,10,3.881068604459391,10.309784605616644
Donor_C,100,17.78752519187862,10.847049646000807
Donor_B,100,20.931800691967883,9.725752559521231
Donor_C,0,2.0229042223089455,10.04294637944401
Donor_A,0,3.0996855126916176,8.994362430679217
Donor_B,0,7.205754984642436,10.43986405012958
Donor_B,10,7.117741602850428,9.2209524078987
Donor_B,0,3.747173108270305,9.477513004658304
Donor_C,10,3.2737121956958624,9.255391007725608
Donor_B,0,4.237825562045699,10.210259233131136
Donor_C,0,0.6926204421012079,9.631828582963841
Donor_A,0,3.2485453534131414,10.146623624949257
Donor_C,100,16.586249431489094,10.381947970708314
Donor_C,100,18.274561395124554,9.833741599072598
Donor_A,0,2.9963311634345646,10.09445528109418
Donor_C,100,18.309373340744056,10.755981836489541
Donor_A,10,3.4224690736030436,9.795088778837936
Donor_A,100,15.535883520370085,10.466745835892668
Donor_A,50,13.051693974200319,10.319788157288645
Donor_B,0,4.45984215607381,10.217329949829994
Donor_B,0,7.684571590596411,9.994113542709485
Donor_B,10,7.7195938621063025,10.045187578348694
Donor_C,10,3.1628413845114336,8.544158704491997
Donor_C,50,10.067674781001879,11.468579642433513
Donor_B,0,2.9684460091934213,9.93558062236895
Donor_C,0,2.667260007527291,9.950346737595348
Donor_C,0,0.26195217918232583,10.483334310797293
Donor_C,100,17.732584507978366,9.908213662013477
Donor_B,10,7.470114634375625,9.489754617293055
Donor_A,100,19.920759250486803,10.666322580067567
Donor_A,100,18.997096632817755,9.85799736020393
Donor_C,100,20.518041113851766,9.635258857045821
Donor_A,50,8.63608757788024,10.86829042463797
Donor_A,10,1.7871234993386174,10.629863256448743
Donor_A,10,2.186467494947854,9.498783134843935
Donor_A,100,18.961362602855345,9.542624045343118
Donor_C,10,6.175288274169131,9.316719018027571
Donor_B,10,6.261911368774953,9.60407540244366
Donor_A,10,3.745510673782273,10.133512694147907
Donor_B,50,12.254785021031747,9.744768605336027
Donor_B,10,9.85252101733533,9.359061628428684
Donor_A,50,12.359230661075179,10.108998090857364
Donor_B,100,19.56628369696451,10.1141974609416
Donor_C,0,2.5551116405902192,9.970333309479017
Donor_C,100,18.101008855371937,10.175890206756119
Donor_A,50,9.87917878689816,10.17707498473331
Donor_B,0,3.4742200946779036,9.462076139468433
Donor_B,0,5.885659248800106,10.45306806589457
Donor_C,100,16.55234395560369,9.928619240248551
Donor_B,50,10.964669773853904,9.87192266135679
Donor_B,100,21.024320512405488,10.81986889315246
Donor_C,10,3.6370303566203415,9.6546770837607
Donor_A,10,2.3601433770696967,9.950184274386691
Donor_C,0,3.7822626936351593,10.561604344543571
Donor_A,100,17.73700096471949,10.633761907842533
Donor_B,10,6.294132131058142,10.658226694856204
Donor_A,0,0.8956564649800309,11.015775897421236
Donor_C,100,15.86928761522999,9.53124267421478
Donor_B,10,6.588959071098046,9.50260587078196
Donor_A,10,1.7136845231552074,10.27423736036067
Donor_C,50,9.280260220123925,9.715713005751857
Donor_B,100,20.988627830416668,10.30731257702314
Donor_A,50,11.053868538912415,9.763553361013361
Donor_C,10,4.148398443797458,10.079975576521608
Donor_C,10,5.1792054487950185,9.941345477690167
Donor_A,10,5.245010092992192,9.231705896855269
Donor_A,0,0.5197277395835929,9.114177753558701
Donor_B,100,21.729640202090817,10.01439741282913
Donor_B,10,5.327807952270961,10.11731515994155
Donor_C,100,19.196124903733228,9.64307388577703
Donor_C,0,2.4039317028938156,10.765246180722682
Donor_C,100,16.998600812630706,9.804377680379805
Donor_A,0,3.0875155061036645,10.35269215658689
Donor_B,0,6.550139332982767,9.786989271898202
Donor_C,50,8.278004496614003,11.180252974255108
Donor_A,0,0.9360587475133935,10.201809982100183
Donor_A,10,2.7535963226888622,10.51382876517262
Donor_B,50,13.520330131819307,9.247125330224176
Donor_A,100,19.971036015222822,9.77193787251114
Donor_B,10,3.0524838020438914,10.342662986094897
Donor_B,50,11.072239423628641,9.68504913938729
Donor_A,10,0.0,9.86328336801208
Donor_C,10,3.052821645649497,9.094742547057841
Donor_B,50,11.970194337706062,9.456122714665412
Donor_B,100,17.70833159671906,11.037400444280518
Donor_B,100,20.40693403843022,10.493195113957222
Donor_C,50,9.636149923472804,9.67236770350307
Donor_A,100,17.5181698765569,10.00902525580455
Donor_A,10,4.8994756157318395,10.358760998940253
Donor_B,50,13.523139913613335,10.474443948101404
Donor_A,100,16.67827026596996,9.7115376794281
Donor_C,0,3.409524504611795,10.641293177274122
Donor_C,0,0.1856514257465589,10.2137483111051
Donor_A,10,2.8217640217610254,10.012773535875667
Donor_B,50,11.649443802123809,10.16003455290176
Donor_B,10,4.870973070501279,9.896832824740658
Donor_C,10,3.38845020691489,9.283690156655526
Donor_A,10,1.2429533873142566,10.631711120972362
Donor_B,50,11.877603437427432,9.9029082035594
Donor_B,50,9.712875482111741,10.097193782367224
Donor_C,0,2.683658959462305,10.154564568834225
Donor_C,0,3.0454557063426466,9.738737639969116
Donor_B,10,6.281947105798395,9.726099819902121
Donor_C,100,20.7591140899893,10.853089596513021
Donor_A,0,0.856592222583042,8.97585909464523
Donor_A,0,1.7448406225107906,10.462775667628174
Donor_B,50,13.1200105353102,9.530425967821877
Donor_B,100,18.838590729362565,10.238725390065348
Donor_C,10,6.042178053450881,9.211461603323135
Donor_A,50,11.454270460701979,10.886988398674681
Donor_C,100,17.403348000338845,9.427119664470494
Donor_B,100,20.271574168018773,9.40946435088351
Donor_B,50,7.1413600119124405,9.280790188954722
Donor_B,10,5.270416296840405,10.251443739361486
Donor_B,0,3.3442895492289257,9.985028935689662
Donor_B,100,18.08004367432429,10.230628846502299
Donor_A,100,18.066856997380867,10.131905387222119
Donor_C,100,19.740513740478196,10.140399502235438
Donor_B,100,19.08806825205943,10.200550278490947
Donor_B,0,4.579136104577661,8.995349244086077
Donor_B,0,1.251352588597133,8.978633715766922
Donor_A,50,9.92992372537995,9.999882194927766
Donor_B,100,19.444513608924183,10.048165252639665
Donor_C,100,18.710810494200274,10.607758575638158
Donor_C,100,17.920099846220875,9.945331368965016
Donor_A,50,10.857781284939762,9.09652859851723
Donor_A,0,3.361449738399724,9.59018963033664
Donor_C,0,2.8740770608753294,9.931864509372641
Donor_C,100,17.24081773587965,9.322276893101094
Donor_B,100,20.22301402170858,9.639422882473959
Donor_C,50,8.131851404292561,10.06314660507935
Donor_A,0,1.685392702200348,9.308781065721664
Donor_C,0,4.636941153735655,10.223669947801762
Donor_B,100,21.150341209353318,10.213965980805112
Donor_B,0,4.514419432073023,10.454625264610092
Donor_C,10,5.4181550137832755,9.545299146621952
Donor_C,10,1.9734242287289807,9.899655707555185
Donor_C,0,1.8861042208098238,10.812055818423936
Donor_C,10,2.184799173820515,10.80604784550539
Donor_B,10,5.857037343037114,10.128892369926936
Donor_A,0,1.5598445189136751,9.719713250256934
Donor_A,0,1.9492833387767894,9.870647226341555
Donor_C,10,4.880481450006222,9.949108029468068
Donor_A,50,10.392430841148489,10.36562273782473
Donor_B,10,6.0485437458889635,10.097335008842366
Donor_C,100,16.5972511580705,9.906320492019262
Donor_B,10,6.670658961349497,11.068287514462728
Donor_C,0,1.8531738700396059,9.84390046823303
Donor_B,0,3.24253976017937,10.171831821474228
Donor_A,10,4.360213002550827,10.902715190092035
Donor_B,50,14.105042970449874,10.036144605390906
Donor_C,100,18.560653037601078,9.82204938272307
Donor_B,0,4.49164164501672,10.14239491986127
Donor_C,10,6.238917777419778,10.61116494471944
Donor_C,10,2.6523011732198554,9.773807983397528
Donor_A,0,1.3730852090992538,10.095486000150549
Donor_A,100,15.846907843597588,10.469498830534077
Donor_A,10,4.959360504527839,9.266312006366409
Donor_C,50,8.236945833914612,9.963468355420156
Donor_A,10,3.2789384951587457,10.911709058601316
Donor_A,50,10.148944584622404,9.288679123238792
Donor_C,0,0.5623507936397236,9.524040048945924
Donor_B,100,17.63514300952354,9.34816601749293
Donor_A,100,17.92316022019155,10.618480300274923
Donor_B,100,21.578245384561225,9.090444935320658
Donor_C,10,4.118857076652011,10.273748797478966
Donor_C,10,3.0287016673819847,9.31298767064649
Donor_B,0,4.831842911631307,10.81758699509849
Donor_C,10,3.9368142013240144,9.744277166197598
Donor_C,0,2.8638899863912455,10.4464664935385
Donor_B,50,14.26521174600854,10.362335260285374
Donor_A,10,2.486579384434819,10.0460508883643
Donor_A,0,1.5140086723885502,9.936103216042675
Donor_C,0,1.881509225487263,10.118643486975357
Donor_B,100,20.93072840807715,9.765449349102814
Donor_B,0,2.1793694038622693,10.075371685998343
Donor_C,0,5.22024738034592,9.762001790980426
Donor_C,100,19.062817015843034,9.492618609540209
Donor_B,0,2.9533800538632886,10.789976998976364
Donor_C,10,6.251289208816204,10.644497412443357
Donor_B,50,8.55208697464176,10.151355499301522
Donor_B,0,5.676991748456476,9.710890272043294
Donor_C,100,18.15363795904647,10.263784922798326
Donor_C,10,3.88819404455942,10.144734322816744
Donor_A,10,6.4866426998530295,9.505885202313998
Donor_C,10,5.2130833477404925,10.00165977344489
Donor_C,50,11.664563787315672,10.192507408786124
Donor_C,100,15.344493704137264,9.990143177016542
Donor_B,50,12.104114798023051,10.04408292102111
Donor_C,0,2.4999894027494567,9.700610258354661
Donor_C,100,17.54989060341944,9.617236661494392
Donor_C,10,3.3104624349757685,9.620053657189764
Donor_B,50,13.007423949798362,10.156253371133054
Donor_C,10,2.7099381916844214,10.432717559202755
Donor_B,50,12.609563152483716,10.459239902327198
Donor_B,100,20.435383352157384,9.613397058509124
Donor_A,100,16.196940383155315,10.610221563950045
Donor_C,50,11.216596688894173,10.248092066953387
Donor_B,10,5.756601883751877,9.7910553255706
Donor_A,0,1.4746795066796805,10.313331206273075
Donor_A,100,16.83006609576265,10.291396306052329
Donor_B,100,18.783098289975797,10.75891942677077
Donor_A,0,2.607684866825292,10.41145548899431
Donor_B,50,10.66167924064577,10.390249746280409
Donor_B,50,12.385739944476613,10.046819303981788
Donor_A,100,16.361862849488222,9.944044160936322
Donor_A,0,2.8398582106313146,10.479009893403969
Donor_B,50,11.648703289766399,9.795867553696844
Donor_A,50,12.157992148812024,10.369540498025946
Donor_C,50,10.129902205116851,9.695784630485608
Donor_C,50,10.004460288531188,10.130058815868376
Donor_A,50,7.62500836550732,10.658200308084707
Donor_A,100,15.814990429418348,10.352236048617572
Donor_C,0,2.78674117192599,9.518734843327572
Donor_C,50,9.664560594716445,9.880535808460472
Donor_B,100,19.356373916238766,9.834838130620868
Donor_B,0,4.851179203012092,9.298898681512913
Donor_A,0,0.4424351285475545,10.74329415423204
Donor_A,100,15.601093580697203,8.86981899588718
Donor_B,100,21.30898446324519,10.007658027019499
Donor_A,100,18.0577847007928,9.642282609540231
Donor_A,0,0.31606773780250297,9.950673909855206
Donor_B,100,21.200891742616275,9.220646615548706
Donor_B,10,6.209567870114048,9.868949382828225
Donor_B,100,15.828965564261384,9.458904697487059
Donor_A,100,18.66775647803849,9.551035659901864
Donor_A,10,4.622176731619388,10.585755689609288
Donor_C,0,4.348500070272288,9.835573263826697
Donor_A,50,9.477879186957448,9.395423976955913
Donor_B,100,21.386530694034853,9.673722430552953
Donor_B,0,4.117367332730376,10.304080734443973
Donor_A,10,4.084098014433844,10.20075399175003
Donor_B,50,11.361702957497972,10.416179908185203
Donor_C,100,16.668736797138365,10.236803748026162
Donor_A,0,3.4249848623130266,10.379826136825296
Donor_B,10,4.81381536641153,10.290497679914088
Donor_B,50,11.108638402880795,9.138905069485322
Donor_A,100,14.83009091204702,9.674520025497657
Donor_C,0,3.615238000974133,9.983624398443581
Donor_A,50,10.22680114613728,10.17787302199
Donor_B,0,4.710572834788208,9.465385782780027
Donor_C,100,18.061265459537527,9.586066300171051
Donor_A,0,2.427302526894596,10.16390224683177
Donor_A,10,4.668412499145014,9.913352683158037
Donor_A,100,16.292453498676785,10.23475948127387
Donor_B,100,16.757211094683733,10.379748080784855
Donor_C,0,1.6427642518553953,10.317655149832063
Donor_B,100,18.495369206963286,9.979566893497449
Donor_A,10,6.46497183383279,10.504246241253956
Donor_B,0,6.189592148188095,9.860298943132852
Donor_C,50,10.88328542528291,9.828605236196097
Donor_A,0,0.11173831010699731,11.576645281360758
Donor_A,0,0.6520033002178636,10.086544686520128
Donor_A,0,1.7833338248499466,10.135171387791424
Donor_C,0,0.7279570187118047,10.646473488408235
Donor_B,0,2.7428915644518552,10.041088640928347
Donor_C,10,5.670037576333443,9.828364830872545
Donor_A,10,0.8705166310161108,9.466412460922564
Donor_C,0,5.28796662772133,10.904093750498006
Donor_B,10,6.538957034823282,10.306649071543813
Donor_A,100,17.45333611556623,9.549437260253047
Donor_A,50,9.67560379835733,9.98970267638372
Donor_C,10,4.093324141747584,9.938205047653652
Donor_A,0,4.86819035335787,9.825993107787362
Donor_A,10,6.526132813909645,10.223498706252428
Donor_C,50,9.480707349893947,8.99423492725128
Donor_B,100,20.38693772557949,10.241236741441726
Donor_C,50,10.966684776455951,10.453615547479929
Donor_B,50,12.091668914311589,9.803443488427307
Donor_A,0,0.5246204179600094,10.72327171350383
Donor_C,10,4.0938512632489,10.639488451561922
Donor_C,50,8.421734254566756,10.06102188488104
Donor_B,10,5.301386211895252,8.706084248991475
Donor_C,0,3.3519629848279076,9.229630555982022
Donor_C,0,2.384889736315146,9.537735752606558
Donor_C,50,6.039321988250861,9.907650480998424
Donor_B,100,18.87535761811473,9.519580757168598
Donor_A,10,1.7108970765313831,9.626037376379237
Donor_B,100,19.11157684115488,10.187309785854792
Donor_C,100,16.282637694218927,8.690123929843997
Donor_A,100,15.993882636753616,9.606000864357073
Donor_A,0,2.7166181659077804,10.04887071322356
Donor_A,10,2.5830629266684557,10.271740781994406
Donor_B,0,4.7417769939994745,9.96160149615676
Donor_B,100,18.635557850885768,9.49668581320116
Donor_B,50,12.016457416731502,9.660537648852213
Donor_A,50,9.667432160442848,10.322559195382551
Donor_C,10,3.6031402410947706,10.576446410632805
Donor_B,100,19.371955304289,9.686607354635143
Donor_C,100,18.32479106399733,10.22383904734436
Donor_A,50,7.739651526189944,10.451918687038917
Donor_C,0,3.3471362545421104,9.869264495019072
Donor_A,50,10.083618512540093,9.942282706551309
Donor_C,100,19.923110242490292,10.294853129354108
Donor_A,0,0.0,8.408541995006935
Donor_A,10,1.511317818369968,9.734747929466042
Donor_C,0,1.2317177827918284,10.723927141903813
Donor_A,100,18.75011871979629,9.755794710027798
Donor_B,10,5.8585096644609775,10.440802161527845
Donor_C,10,5.255133198047806,10.960833867930665
Donor_B,50,12.269408775000592,10.453718676403847
Donor_C,0,2.744255378778872,9.595644633945405
Donor_B,50,12.440269082546523,9.570331877055228
Donor_A,10,5.555199111312588,10.287134300988251
Donor_B,0,6.02306920013362,10.22902771752006
Donor_B,10,6.966568303556265,9.760297648583707
Donor_A,0,0.926659408920993,8.876835298168032
Donor_A,10,3.4081710804783594,10.194127259441778
Donor_C,100,16.88194795783888,10.843790137367302
Donor_A,10,3.265794103502546,10.084329401837632
Donor_C,10,4.66539743577162,10.057611365159914
Donor_C,100,17.121008689849603,10.701694753969436
Donor_B,0,5.788548025161544,10.623703260880543
Donor_C,0,2.1291370361427315,10.000412100773504
Donor_A,50,11.943224207988251,8.586221556524468
Donor_B,0,4.4609281207330875,8.957619116272786
Donor_B,100,20.828750706502404,10.388613306757602
Donor_B,100,17.624137545208715,10.319784622681969
Donor_C,50,9.266476614209163,9.793280257873107
Donor_C,10,2.26760630107716,9.901949532945228
Donor_C,0,3.098837711068622,9.6451994430473
Donor_C,50,8.81825186127759,10.49008849228804
Donor_B,50,11.527112768691525,10.14749959781006
Donor_C,50,11.177227065048875,9.759110061725716
Donor_C,50,14.082798634957424,9.682814063648436
Donor_C,50,8.969769358509627,9.772235265495382
Donor_B,50,10.98795592247102,9.364021679988168
Donor_A,0,3.2095295639469015,10.490879249212783
Donor_A,10,2.615851227849914,9.11232201725964
Donor_C,50,8.36757899224697,9.253163527657952
Donor_C,50,10.20713641486916,9.479725676138047
Donor_A,0,2.6428056310384846,9.842477779379609
Donor_B,0,5.041059572370439,9.82771877466562
Donor_C,0,1.6665709983246397,10.701560016135616
Donor_C,0,2.4054879606449555,9.546133740985441
Donor_C,10,3.9224301331489806,9.44589875614042
Donor_C,50,7.540950832102833,10.337534722120347
Donor_A,0,1.5574474704793135,9.71998489086064
Donor_C,10,4.9862986145304244,10.382987290862715
Donor_A,100,18.19549336977376,11.253487772707993
Donor_C,10,4.480153599304587,9.547592714174419
Donor_A,10,3.810164338302084,10.580059943162542
Donor_C,10,4.428537901293159,9.281674158831818
Donor_A,100,18.045678038699776,9.684049902096843
Donor_A,100,18.472608411711775,9.878751326706958
Donor_C,10,7.392498238290978,10.072458944421788
Donor_B,100,21.084164926089528,9.520047822996624
Donor_C,10,0.5458550129897661,9.42290045192551
Donor_A,10,6.227128556538377,10.002722579237375
Donor_B,10,6.782413380371255,9.77045655120421
Donor_B,0,6.454600286447258,9.198042833002926
Donor_C,0,1.5021447157702041,9.373792368671115
Donor_A,10,4.828144689626018,9.771821359204234
Donor_B,0,5.521350620785263,10.562998357576609
Donor_B,10,4.730118624540811,10.005185159104096
Donor_B,10,4.899638199591827,10.519344596777538
Donor_C,100,17.25319462117452,10.247191727063633
Donor_B,50,12.931368717030692,9.885759867588867
Donor_B,50,9.59940340903004,9.744992566222564
Donor_A,50,8.925646932495592,9.479953526281584
Donor_C,0,1.8438580053413811,9.233157216233547
Donor_C,10,4.30510566169597,10.098047920724893
Donor_C,0,3.591153720724182,10.191707677868232
Donor_B,0,3.681048648768622,9.821149769780094
Donor_B,50,10.928440340660911,10.03126372511801
Donor_B,50,12.642015361300396,9.6966759118368
Donor_B,50,9.754294092434133,10.258318729457285
Donor_B,0,1.8885907416865901,10.098654432572536
Donor_C,10,5.444118395565363,10.800501722305658
Donor_C,0,2.9636727854205276,10.155741599421535
Donor_B,10,7.33247352565465,10.340198486108482
Donor_B,0,7.2198717549947045,10.679455919483523
Donor_C,50,10.667861036654827,10.326559243711346
Donor_B,50,11.262399267443657,10.084428560807458
Donor_C,100,16.7798555988681,10.15983304932249
Donor_C,100,15.466033191211128,10.321232756362946
Donor_C,0,3.941238076518728,9.908151939970638
Donor_B,100,22.84243367123172,9.24652016385104
Donor_A,50,8.530814092453491,9.826743285769835
Donor_C,10,2.8936268305960953,10.237275157127641
Donor_C,0,2.3674377775224458,9.657324260677854
Donor_A,0,1.7663614257742655,9.411499413946856
Donor_A,100,19.07179861584932,9.9635481662397
Donor_A,50,9.758711926990044,9.621273523854752
Donor_C,0,1.7521161832842687,11.348682508697097
Donor_C,50,9.651153751322934,9.474634751530747
Donor_C,0,3.496625606193451,10.348514447208604
Donor_C,10,4.651550134067557,9.517340349975278
Donor_C,100,17.47874327465012,9.52275258370744
Donor_A,100,15.715789748563328,9.58490308365555
Donor_A,0,2.5808614038502333,10.084721879426377
Donor_A,100,15.904705056088119,10.372640450448285
Donor_C,0,3.079146737298386,9.31189624177047
Donor_A,50,8.522109415535224,10.54258765681462
Donor_A,50,8.57557751879924,11.244967662582066
Donor_B,10,6.206053471888412,9.482915597645661
Donor_B,100,19.01369833830549,10.221411447522293
Donor_A,100,16.566796114218423,9.827171162340544
Donor_B,50,8.534836760237344,9.990978768780087
Donor_B,50,11.256511439554547,10.280329082240279
Donor_C,10,3.602331396192644,9.62357039623213
Donor_C,50,10.44027225254524,9.597699378061032
Donor_B,50,10.45929839423027,10.514889880724775
Donor_C,50,9.011759198960782,9.843039727655489
Donor_B,10,7.1839243576600635,9.2534024775768
Donor_A,0,3.6361083524552633,10.18117792045447
Donor_B,10,5.221401488591821,10.006910869508852
Donor_A,0,0.6524019069242859,9.590731905627933
Donor_A,10,1.5900588188517784,9.604343549845519
Donor_C,100,19.609605900454472,10.072965938763053
Donor_C,50,9.808308993601045,9.964289808730022
Donor_C,10,3.8301173936102915,10.200666226288956
Donor_B,50,12.686048611503374,9.963172251952006
Donor_A,0,3.055679858787932,10.419051509719894
Donor_C,100,17.22049914808621,9.818002027692433
Donor_A,100,16.92379717302471,9.769491972402557
Donor_B,10,4.325327421731071,9.584462841370161
Donor_B,50,13.200728631386083,10.224332067323598
Donor_B,10,8.827851585133955,10.062907440517945
Donor_A,0,1.213313911881647,10.515578877396944
Donor_A,10,4.087606586358831,9.07065665873873
Donor_B,0,6.496210197714003,9.245578713611046
Donor_A,50,9.635145488170878,10.09745049229773
Donor_A,10,4.369961367086401,9.850051911818998
Donor_A,50,11.032465722819513,10.385644339695412
Donor_C,0,2.295544579279141,10.310096569099159
Donor_A,10,3.956039093207603,10.397946285653813
Donor_A,10,4.285390626367571,9.725109054746406
Donor_C,50,8.645749698416248,9.520465301589674
Donor_C,10,2.8916301414984806,9.775344269698474
Donor_B,10,4.926163756125234,10.622916651177144
Donor_C,100,17.12472862655416,9.882726444137234
Donor_B,50,10.723992098171937,10.674187651844987
Donor_C,10,2.4035106530787633,10.341187595437585
Donor_C,50,10.758885386275422,9.797579082985274
Donor_B,100,18.424110315814016,10.053865422221522
Donor_C,10,2.83655440136687,9.984203577061498
Donor_A,0,0.7860125778973608,9.223251880079859
Donor_A,10,3.588345564227779,9.560271393090968
Donor_B,50,10.329229090020686,9.409541253014938
Donor_B,0,6.6593227517585145,10.392337162090493
Donor_A,10,4.90408700142305,10.33068448776338
Donor_A,10,5.841537434265288,10.049262784267102
Donor_C,0,2.751833973821088,9.960101499252426
Donor_B,10,4.6389068273499365,10.924630065323447
Donor_C,0,2.381839232047251,9.318196687248006
Donor_A,50,6.718657631641662,10.081509160123767
Donor_A,0,2.004678558069031,10.260601174715807
Donor_C,10,3.9001699325887,9.362251959668125
Donor_A,50,10.304406944699766,10.523866344779265
Donor_A,0,3.7092866830577518,10.939217155670201
Donor_C,0,3.6286933154962013,10.066222981256102
Donor_C,0,1.2357346208452382,10.677995704926007
Donor_A,10,2.05038131762303,9.983728171832434
Donor_C,100,18.14265165462365,9.949823868549334
Donor_C,10,3.156573141676173,10.676165998286958
Donor_B,50,11.492517031158801,9.629056666487937
Donor_A,10,5.177349546754436,9.880469470263451
Donor_C,50,8.878828980982123,10.059774844275209
Donor_A,0,3.127090611761169,9.23144247179926
Donor_B,100,21.139298164945387,9.463832327934565
Donor_B,0,4.0419969200114005,8.74750395168077
Donor_C,0,1.7976412828468726,9.72405708436751
Donor_C,10,4.670076702110693,9.414680808936481
Donor_B,10,4.729575144032929,10.260480588508448
Donor_B,10,6.803596596069559,9.874829813699927
Donor_A,50,9.190220000120291,9.94679472262143
Donor_C,0,1.6013168977340482,9.756319559982561
Donor_B,50,11.66228139978098,9.289468875720491
Donor_A,100,15.490384133762136,9.95422169636677
Donor_B,50,14.100365458793924,10.380269148373161
Donor_C,100,17.69407047433583,10.582286163226827
Donor_A,100,16.82631404270298,9.447777420549746
Donor_C,10,4.089093083140906,10.44813927530592
Donor_A,0,2.0786713156242707,10.668846857693742
Donor_B,0,5.2730656086147745,10.131870613191422
Donor_A,100,17.72856070980528,10.333775242447274
Donor_C,100,15.86614353985594,9.687641839765156
Donor_A,10,2.575923913200837,10.566661904003752
Donor_A,50,10.90281940414093,9.570689387631814
Donor_B,50,12.09416361437582,9.894923032312933
Donor_C,50,8.599721256674114,9.959356169925156
Donor_A,100,18.692915935089513,9.61586049202234
Donor_A,100,18.335831851907432,9.177686104414274
Donor_A,0,2.099449960349686,9.788000345714833
Donor_C,50,12.449576504860437,9.77812185455282
Donor_A,50,10.647517260079411,10.669833132238443
Donor_B,10,6.058135431085765,9.00867856301155
Donor_C,0,1.0079132205518622,10.433283766750451
Donor_B,10,6.443429147109791,10.797766062683639
Donor_B,10,7.457486955925502,10.521849785379766
Donor_A,100,18.919136600940156,9.81630150029452
Donor_A,50,11.053232370037122,9.893154917075814
Donor_C,50,8.908146122978756,10.615574195253494
Donor_B,100,19.864774315162254,10.15717166890246
Donor_A,0,2.72208739446395,9.356947532775468
Donor_A,50,11.823594096013892,10.362076487308425
Donor_A,10,5.945206571828912,10.984939412208174
Donor_B,50,13.675179809377275,9.683321517007705
Donor_A,0,3.063272577906261,10.904490217883598
Donor_A,0,2.881733464981645,9.57763711963668
Donor_B,100,20.40225946957938,10.20516579077763
Donor_A,0,3.5857926874583033,10.11471930707764
Donor_B,100,20.641307525215097,10.599205191563298
Donor_C,10,3.777770670084319,10.44358126735018
Donor_B,0,6.589339650751109,9.777841266018124
Donor_A,10,2.891517130322631,10.254474222771446
Donor_C,50,8.450436049411518,10.084419337660947
Donor_B,100,20.56004208270972,10.69700330482359
Donor_B,50,14.048579879665102,10.247351220599016
Donor_C,50,9.446108336468239,10.069960776665251
Donor_C,0,5.660298668742055,9.509775827672254
Donor_B,0,3.699593585344253,9.963736893345692
Donor_C,50,8.537817146278998,10.230598848425931
Donor_A,50,8.279428817035086,9.816448831745806
Donor_B,10,6.05792322326257,9.870154794333125
Donor_B,10,4.938638246142824,9.95282964490015
Donor_A,0,3.8244215900044596,9.43389142789891
Donor_B,0,4.604377015849245,10.570013118721944
Donor_B,10,6.451611728761727,9.924929944359446
Donor_C,0,0.0,10.23735378331788
Donor_C,10,2.773387732687891,10.063000981538021
Donor_A,0,0.0,9.378011094518449
Donor_A,10,4.859283667349874,9.743396554241532
Donor_A,10,3.528756818520715,10.079735396105946
Donor_C,0,3.078363092553412,10.252677853216646
Donor_A,10,2.354405800910236,11.031897309987237
Donor_B,10,4.498550472629077,10.681639097743826
Donor_C,10,3.1672664952745335,9.46975217875935
Donor_C,100,21.62621601446023,10.052294215897115
Donor_A,10,0.0,9.763356717294334
Donor_C,50,9.055547886496829,10.463211208356535
Donor_B,0,5.412794465551927,10.150450668236001
Donor_B,100,20.565918269372283,10.109484390972021
Donor_B,100,21.03468746499555,9.906826790816933
Donor_A,100,17.663852544683976,10.04159165095841
Donor_A,100,17.324178099715738,10.319187966411326
Donor_C,100,17.360338102495476,8.893272584703563
Donor_A,0,3.2103302246566585,10.42401765941238
Donor_C,10,5.14287630019528,9.480000478186724
Donor_A,10,3.2059268452663763,10.018119585524031
Donor_B,10,7.098190111071221,10.116642819656187
Donor_A,0,2.1980353953647422,10.292381129350854
Donor_C,50,10.842312861543775,10.312421987929579
Donor_C,50,9.603095248872041,10.010022758430107
Donor_A,100,19.82132127480862,9.50979544158336
Donor_A,100,17.505217610569414,9.448619742727335
Donor_A,0,0.23593222438223638,9.29280740067513
Donor_B,0,6.417312509337103,9.783667908561448
Donor_B,10,4.82167875426669,10.149742718680422
Donor_A,10,2.7018526573568264,10.252894617698123
Donor_B,0,4.614666766669105,9.847183128791439
Donor_C,0,2.3445637633812746,10.952159592231274
Donor_A,50,10.414782393777628,10.246553550227857
Donor_A,0,1.3472377386827965,9.119761220472043
Donor_A,100,15.568364624350776,9.707337136259609
Donor_C,0,4.117680387610673,9.160228926269525
Donor_A,50,7.442984238373996,10.14279452755443
Donor_A,0,1.0384453132204194,10.181516693229952
Donor_A,0,3.5435522771098187,9.590533127725084
Donor_C,0,2.9869242912968392,9.994584378886149
Donor_C,0,1.7822155731605633,9.543179591366686
Donor_A,0,2.1112013865837715,10.729497630504945
Donor_A,10,4.964778232458245,9.605023579203236
Donor_B,10,3.6565965842530415,9.43432269253177
Donor_A,10,6.666056215635499,9.970573955011053
Donor_A,10,1.5822851133378704,10.45040098867865
Donor_B,0,4.405595013855982,9.3327587989096
Donor_B,10,6.572356646287838,9.425354765100488
Donor_C,0,2.030986304188877,10.09552481840368
Donor_C,10,4.587588833871053,9.414722014643798
Donor_A,50,9.58985499805163,9.852913504027144
Donor_C,100,18.434372795660106,10.15758162798008
Donor_A,50,7.784572311768088,8.970066570002459
Donor_B,10,6.066368040410115,10.578179451017066
Donor_B,10,6.224613895067859,9.091918521122652
Donor_B,10,5.59248079824203,10.225590893628784
Donor_C,100,16.825780050957068,10.109107257112212
Donor_C,50,10.00106781552352,9.469360655359353
Donor_B,50,12.579032421477216,10.29348066007315
Donor_B,10,5.994756698633079,9.626779114552873
Donor_B,50,11.402207455096331,10.366670132650846
Donor_B,100,20.369378769628014,10.56333280560643
Donor_C,10,3.7159576005304236,10.509572853407
Donor_B,50,12.732049998840036,9.686482256693944
Donor_B,100,19.470856352673973,10.729160083935637
Donor_B,10,8.032800415325253,8.860921293592764
Donor_C,100,19.919360221055967,9.538449271282067
Donor_C,50,8.73914857232977,10.558132066845344
Donor_C,50,9.574914013109526,9.733001664065867
Donor_B,0,3.475976899842774,9.306032790021607
Donor_B,0,7.33164336682999,10.372986207149571
Donor_A,10,5.827165421915738,8.739243367938695
Donor_C,100,16.095591441823295,10.038894978368536
Donor_C,100,20.833882310880757,10.215946841436134
Donor_C,50,9.925661258924238,10.42823818288927
Donor_B,100,19.389372571898754,10.48234267398085
Donor_C,50,9.698408421191527,9.310037243532943
Donor_A,0,1.672846459722344,9.403142351759652
Donor_A,100,16.38333009661281,9.585591816461509
Donor_A,50,8.510562134186205,9.968890787163287
Donor_A,10,5.168940327590242,8.809656889422135
Donor_C,0,2.1386063960407005,10.064259744465241
Donor_A,50,9.679741451424169,9.47736215615377
Donor_B,100,21.561556307951964,10.857693428865105
Donor_A,50,8.868189406343935,9.76302188958191
Donor_C,10,4.228534345332079,10.636557890555725
Donor_B,0,7.272045747680904,10.006131411485887
Donor_C,10,1.9044707728640557,10.04720850929067
Donor_A,100,18.158052650201466,9.518425966504179
Donor_C,50,9.68886728055873,9.87139962082852
Donor_B,100,18.55508446741644,9.318971950273363
Donor_B,100,19.18683490155189,10.205715664575123
Donor_C,10,1.3409470618378965,9.77953540057823
Donor_B,0,3.4853208264340196,10.774356077642736
Donor_C,0,2.212611183503615,10.197547888705843
Donor_B,50,11.944855902213215,9.925156090465384
Donor_C,10,3.833398898427818,9.864768589322667
Donor_B,100,17.72967075193747,9.331533708042425
Donor_C,50,10.212997398139084,10.36026256080958
Donor_A,10,2.232215374328275,9.687467563457995
Donor_B,50,13.671011527043449,10.625455683527516
Donor_A,100,18.97648531184403,9.99518332330589
Donor_C,0,1.8467856998534438,9.879503475015518
Donor_B,100,19.616097399902863,10.551371855656198
Donor_B,10,6.883226294167592,9.4926092592248
Donor_A,0,2.2818340668211308,8.887833686058995
Donor_A,50,10.62055755495876,10.451095607853489
Donor_B,0,4.68931320149253,10.045758522212694
Donor_B,50,12.433950860486803,8.976048420496863
Donor_B,10,5.507220134258855,9.971360761156191
Donor_B,100,18.44433570916431,10.390950442390569
Donor_A,10,2.4087021177298027,9.967638008573555
Donor_C,10,4.098051849429698,9.571508718411389
Donor_B,0,2.669085460202731,9.459078388631344
Donor_A,50,6.899522603575923,10.991328335161715
Donor_A,50,11.208676550113653,10.005080641244188
Donor_C,100,19.413812661095324,10.170485977234515
Donor_A,100,15.351153441411704,9.797254800682838
Donor_A,10,2.285542919466328,9.449328307842991
Donor_A,0,0.0,9.861739739121669
Donor_C,100,19.06197985470793,10.040422965869489
Donor_C,100,19.857183834460997,10.115401664949818
Donor_A,0,4.229784765176503,10.195839875462866
Donor_C,100,17.716317266705214,10.365377013116044
Donor_C,50,10.561679648146223,9.774919776181385
Donor_A,10,3.086086462450893,10.008648049886371
Donor_A,50,9.779713412249585,9.155197581293331
Donor_B,10,3.969429640216436,10.569890329069493
Donor_A,100,16.400612162531385,9.993349612664414
Donor_C,0,4.686341597628866,9.816566508360184
Donor_C,0,4.586036508970604,10.018559502508637
Donor_B,50,11.190065041648836,9.517333119887509
Donor_A,100,17.40996689437764,10.24733083008874
Donor_B,10,4.923470369948656,8.996627263239407
Donor_A,50,10.207784973291373,10.226137645520685
Donor_C,50,9.545440391569882,9.579970494279362
Donor_A,50,7.510217724991924,10.239215637466847
